timestamp,category,player_a_espn_id,player_b_espn_id,choice,anonymous_mode
2026-07-05T11:55:08Z,season,4715355,4240021,skip,False
2026-07-05T11:55:22Z,season,3916387,4240603,a,False
2026-07-05T11:57:31Z,season,3051876,4567750,a,False
2026-07-05T11:57:42Z,season,3051876,4691688,b,False
2026-07-05T11:57:52Z,season,4691688,4366963,a,False
2026-07-05T12:09:25Z,season,14012,3039707,b,False
2026-07-05T12:10:26Z,season,3039707,4685720,b,False
2026-07-05T12:10:31Z,season,4685720,4242546,b,False
2026-07-05T12:18:24Z,season,4576297,3128429,b,False
2026-07-05T12:33:44Z,season,4428850,4241424,a,False
2026-07-06T03:55:31Z,season,4240021,4429160,b,False
2026-07-06T03:55:44Z,season,4429160,4685247,a,False
2026-07-06T03:56:03Z,season,4429160,3139602,a,False
2026-07-06T03:56:48Z,season,4429160,4371733,a,False
2026-07-06T03:57:22Z,season,4429160,4243176,a,False
2026-07-06T03:57:39Z,season,4429160,4372071,a,False
2026-07-06T03:57:53Z,season,4429160,4568490,a,False
2026-07-06T03:58:33Z,season,4429160,4361529,a,False
2026-07-06T03:58:48Z,season,4429160,4570561,a,False
2026-07-06T03:58:51Z,season,4429160,3915411,a,False
2026-07-06T03:59:09Z,season,4430968,4696981,b,False
2026-07-06T04:00:03Z,season,4696981,4421446,a,False
2026-07-06T04:00:08Z,season,4696981,3125107,a,False
2026-07-06T04:00:24Z,season,4696981,4259545,a,False
2026-07-06T04:00:36Z,season,4696981,4429939,a,False
2026-07-06T04:00:37Z,season,4696981,3139602,a,False
2026-07-06T04:00:39Z,season,4696981,4912274,a,False
2026-07-06T04:00:41Z,season,4696981,4430968,a,False
2026-07-06T04:00:45Z,season,4696981,4430968,a,False
2026-07-06T04:00:53Z,season,4696981,2576336,a,False
2026-07-06T04:00:59Z,season,4696981,4241401,a,False
2026-07-06T04:01:01Z,season,4696981,4429795,b,False
2026-07-06T04:01:03Z,season,4429795,3139602,a,False
2026-07-06T04:01:05Z,season,4429795,3915411,a,False
2026-07-06T04:01:06Z,season,4429795,3929914,a,False
2026-07-06T04:01:08Z,season,4429795,4697815,a,False
2026-07-06T04:01:14Z,season,4429795,4569609,a,False
2026-07-06T04:01:18Z,season,4429795,4362238,a,False
2026-07-06T04:01:37Z,season,4429795,4241474,a,False
2026-07-06T04:01:40Z,season,4429795,4428557,a,False
2026-07-06T04:02:01Z,season,4429795,4882093,a,False
2026-07-06T04:02:06Z,season,4429795,4362452,a,False
2026-07-06T04:02:16Z,season,4429795,4430807,skip,False
2026-07-06T04:02:20Z,season,4427366,3042519,a,False
2026-07-06T04:02:26Z,season,4427366,4366963,a,False
2026-07-06T04:02:31Z,season,4427366,4429096,a,False
2026-07-06T04:02:40Z,season,4427366,4047365,a,False
2026-07-06T04:02:55Z,season,4427366,4241474,a,False
2026-07-06T04:02:57Z,season,4427366,4691688,a,False
2026-07-06T04:03:02Z,season,4427366,4372561,a,False
2026-07-06T04:03:03Z,season,4427366,4427600,a,False
2026-07-06T04:03:04Z,season,4427366,4695404,a,False
2026-07-06T04:03:06Z,season,4427366,4429939,a,False
2026-07-06T04:03:08Z,season,4427366,2576414,a,False
2026-07-06T04:03:40Z,season,4427366,4912274,a,False
2026-07-06T04:03:41Z,season,4427366,4596602,a,False
2026-07-06T04:03:43Z,season,4427366,3125107,a,False
2026-07-06T04:03:45Z,season,4427366,3042519,a,False
2026-07-06T04:03:48Z,season,4427366,4012556,a,False
2026-07-06T04:03:49Z,season,4427366,4431431,a,False
2026-07-06T04:04:04Z,season,4427366,4567048,b,False
2026-07-06T04:04:07Z,season,4567048,4429676,a,False
2026-07-06T04:04:21Z,season,4567048,4890973,skip,False
2026-07-06T04:04:24Z,season,4601080,4430807,b,False
2026-07-06T04:04:26Z,season,4430807,4599739,a,False
2026-07-06T04:04:28Z,season,4430807,4242335,a,False
2026-07-06T04:04:29Z,season,4430807,4596448,a,False
2026-07-06T04:04:31Z,season,4430807,4371733,a,False
2026-07-06T04:04:33Z,season,4430807,4430871,a,False
2026-07-06T04:04:35Z,season,4430807,4682745,a,False
2026-07-06T04:04:38Z,season,4430807,3127586,a,False
2026-07-06T04:04:39Z,season,4430807,4695404,a,False
2026-07-06T04:04:41Z,season,4430807,4362238,a,False
2026-07-06T04:04:43Z,season,4430807,4685350,a,False
2026-07-06T04:04:45Z,season,4430807,4685702,a,False
2026-07-06T04:04:46Z,season,4430807,3054850,a,False
2026-07-06T04:04:47Z,season,4430807,4428557,a,False
2026-07-06T04:04:49Z,season,4430807,4890973,a,False
2026-07-06T04:04:50Z,season,4430807,4361579,a,False
2026-07-06T04:04:52Z,season,4430807,3915411,a,False
2026-07-06T04:04:54Z,season,4430807,4239996,a,False
2026-07-06T04:04:57Z,season,4430807,3128720,a,False
2026-07-06T04:04:58Z,season,4430807,4601080,a,False
2026-07-06T04:05:00Z,season,4430807,3149687,a,False
2026-07-06T04:05:02Z,season,4430807,4427366,a,False
2026-07-06T04:05:04Z,season,4430807,4605841,a,False
2026-07-06T04:05:06Z,season,4430807,3054850,a,False
2026-07-06T04:05:07Z,season,4430807,4360294,a,False
2026-07-06T04:05:09Z,season,4430807,3127586,a,False
2026-07-06T04:05:11Z,season,4430807,4241401,a,False
2026-07-06T04:05:12Z,season,4430807,4259545,a,False
2026-07-06T04:05:14Z,season,4430807,4362748,a,False
2026-07-06T04:05:16Z,season,4430807,4429299,a,False
2026-07-06T04:05:17Z,season,4430807,4569682,a,False
2026-07-06T04:05:18Z,season,4430807,4421446,a,False
2026-07-06T04:05:20Z,season,4430807,4430871,a,False
2026-07-06T04:05:21Z,season,4430807,4570561,a,False
2026-07-06T04:05:23Z,season,4430807,4372071,a,False
2026-07-06T04:05:25Z,season,4430807,3059915,a,False
2026-07-06T04:05:26Z,season,4430807,4596448,a,False
2026-07-06T04:06:05Z,season,4032473,4429615,b,False
2026-07-06T04:06:08Z,season,4429615,4877706,a,False
2026-07-06T04:06:11Z,season,4429615,4242540,a,False
2026-07-06T04:06:21Z,season,4429615,4431299,a,False
2026-07-06T04:06:26Z,season,4429615,4567506,a,False
2026-07-06T04:06:40Z,season,4429615,4428331,a,False
2026-07-06T04:06:46Z,season,4429615,4569371,a,False
2026-07-06T04:06:49Z,season,4429615,4386544,a,False
2026-07-06T04:06:52Z,season,4429615,3128429,a,False
2026-07-06T04:06:57Z,season,4429615,4602667,a,False
2026-07-06T04:06:58Z,season,4429615,4428331,a,False
2026-07-06T04:07:00Z,season,4429615,15795,a,False
2026-07-06T04:07:02Z,season,4429615,4360078,a,False
2026-07-06T04:07:10Z,season,4429615,3930066,a,False
2026-07-06T04:07:15Z,season,4429615,4427278,a,False
2026-07-06T04:07:17Z,season,4429615,4037235,a,False
2026-07-06T04:07:19Z,season,4429615,4431299,a,False
2026-07-06T04:07:22Z,season,4429615,4877203,a,False
2026-07-06T04:07:31Z,season,4429615,4361409,a,False
2026-07-06T04:07:36Z,season,4429615,4362921,a,False
2026-07-06T04:07:40Z,season,4429615,5083754,a,False
2026-07-06T04:07:46Z,season,4429615,4241476,a,False
2026-07-06T04:07:56Z,season,4429615,4428796,a,False
2026-07-06T04:08:00Z,season,4429615,4567096,a,False
2026-07-06T04:08:04Z,season,4429615,4429205,a,False
2026-07-06T04:08:08Z,season,4429615,4360939,a,False
2026-07-06T04:08:12Z,season,4429615,3917914,a,False
2026-07-06T04:08:15Z,season,4429615,4368003,a,False
2026-07-06T04:08:17Z,season,4429615,4361577,a,False
2026-07-06T04:08:21Z,season,4429615,4040655,a,False
2026-07-06T04:08:28Z,season,4429615,3061612,a,False
2026-07-06T04:08:31Z,season,4429615,4426948,a,False
2026-07-06T04:08:42Z,season,4429615,3120348,a,False
2026-07-06T04:08:45Z,season,4429615,5123663,a,False
2026-07-06T04:08:49Z,season,4429615,5160110,a,False
2026-07-06T04:08:52Z,season,4429615,4567096,a,False
2026-07-06T04:08:56Z,season,4429615,3926231,a,False
2026-07-06T04:09:00Z,season,4429615,4431492,a,False
2026-07-06T04:09:02Z,season,4429615,3916945,a,False
2026-07-06T04:09:05Z,season,4429615,3045523,a,False
2026-07-06T04:09:09Z,season,4429615,4386544,a,False
2026-07-06T04:09:12Z,season,4429615,4567506,a,False
2026-07-06T04:09:17Z,season,4429615,4057082,a,False
2026-07-06T04:09:20Z,season,4429615,4360797,a,False
2026-07-06T04:09:25Z,season,4429615,3917914,a,False
2026-07-06T04:09:30Z,season,4429615,2310331,a,False
2026-07-06T04:09:46Z,season,4429615,4361432,a,False
2026-07-06T04:09:51Z,season,4429615,3930066,a,False
2026-07-06T04:09:54Z,season,4429615,5123663,a,False
2026-07-06T04:10:01Z,season,4429615,4569559,a,False
2026-07-06T04:10:07Z,season,4429615,4360405,a,False
2026-07-06T04:10:16Z,season,4429615,4363551,a,False
2026-07-06T04:10:20Z,season,4429615,4043016,a,False
2026-07-06T04:10:27Z,season,4429615,4241476,a,False
2026-07-06T04:10:32Z,season,4429615,4374187,a,False
2026-07-06T04:10:36Z,season,4429615,4431466,a,False
2026-07-06T04:10:41Z,season,4429615,4257188,a,False
2026-07-06T04:10:44Z,season,4429615,3121409,a,False
2026-07-06T04:10:45Z,season,4429615,4360797,a,False
2026-07-06T04:10:50Z,season,4429615,3127306,a,False
2026-07-06T04:10:54Z,season,4429615,3728262,a,False
2026-07-06T04:10:57Z,season,4429615,3919510,a,False
2026-07-06T04:11:00Z,season,4429615,4432708,a,False
2026-07-06T04:11:05Z,season,4429615,3916433,a,False
2026-07-06T04:11:09Z,season,4429615,3051738,a,False
2026-07-06T04:11:15Z,season,4429615,3929785,a,False
2026-07-06T04:11:20Z,season,4429615,4603186,a,False
2026-07-06T04:11:22Z,season,4429615,4430878,b,False
2026-07-06T04:11:26Z,season,4430878,4430834,a,False
2026-07-06T04:11:28Z,season,4430878,4685415,a,False
2026-07-06T04:11:30Z,season,4430878,4683062,a,False
2026-07-06T04:11:35Z,season,4430878,4382466,a,False
2026-07-06T04:11:39Z,season,4430878,4685472,a,False
2026-07-06T04:11:46Z,season,4430878,3121427,a,False
2026-07-06T04:11:48Z,season,4430878,3051738,a,False
2026-07-06T04:11:50Z,season,4430878,3917914,a,False
2026-07-06T04:11:52Z,season,4430878,3127306,a,False
2026-07-06T04:11:56Z,season,4430878,3886809,a,False
2026-07-06T04:12:00Z,season,4430878,4241424,a,False
2026-07-06T04:12:03Z,season,4430878,4883647,a,False
2026-07-06T04:12:04Z,season,4430878,4374187,a,False
2026-07-06T04:12:06Z,season,4430878,4569603,a,False
2026-07-06T04:12:25Z,season,4426339,4426348,b,False
2026-07-06T04:12:33Z,season,4426348,3139477,b,False
2026-07-06T04:12:35Z,season,3139477,4241464,a,False
2026-07-06T04:12:36Z,season,3139477,4426348,a,False
2026-07-06T04:12:37Z,season,3139477,4426339,a,False
2026-07-06T04:12:39Z,season,3139477,4685720,a,False
2026-07-06T04:12:40Z,season,3139477,4426348,a,False
2026-07-06T04:12:41Z,season,3139477,4683423,a,False
2026-07-06T04:12:46Z,season,3139477,3116407,a,False
2026-07-06T04:12:49Z,season,3139477,4432762,a,False
2026-07-06T04:12:51Z,season,3139477,4360423,a,False
2026-07-06T04:12:53Z,season,3139477,4427238,a,False
2026-07-06T04:12:55Z,season,3139477,4688380,a,False
2026-07-06T04:12:57Z,season,3139477,3918298,b,False
2026-07-06T04:13:16Z,season,3918298,14881,a,False
2026-07-06T04:13:19Z,season,3918298,4432762,a,False
2026-07-06T04:13:22Z,season,3918298,3039707,a,False
2026-07-06T04:13:25Z,season,3918298,4036378,a,False
2026-07-06T04:13:26Z,season,3918298,3039707,a,False
2026-07-06T04:13:28Z,season,3918298,4426338,a,False
2026-07-06T04:13:30Z,season,3918298,4431611,a,False
2026-07-06T04:13:32Z,season,3918298,2578570,a,False
2026-07-06T04:13:36Z,season,3918298,3886812,a,False
2026-07-06T04:13:40Z,season,3918298,4432577,a,False
2026-07-06T04:13:42Z,season,3918298,4683423,a,False
2026-07-06T04:13:44Z,season,3918298,15864,a,False
2026-07-06T04:13:45Z,season,3918298,4360310,a,False
2026-07-06T04:13:46Z,season,3918298,4241464,a,False
2026-07-06T04:13:53Z,season,3918298,15864,a,False
2026-07-06T04:13:55Z,season,3918298,4889929,a,False
2026-07-06T04:13:56Z,season,3918298,4683423,a,False
2026-07-06T04:14:15Z,season,3918298,4242512,a,False
2026-07-06T04:14:19Z,season,3918298,2573079,a,False
2026-07-06T04:14:22Z,season,3918298,3039707,a,False
2026-07-06T04:14:24Z,season,3918298,4360423,a,False
2026-07-06T04:14:25Z,season,3918298,4685720,a,False
2026-07-06T04:14:26Z,season,3918298,4426339,a,False
2026-07-06T04:14:29Z,season,3918298,11252,a,False
2026-07-06T04:14:31Z,season,3918298,3039707,a,False
2026-07-06T04:14:33Z,season,3918298,4360689,a,False
2026-07-06T04:14:38Z,season,3918298,4432762,a,False
2026-07-06T04:14:39Z,season,3918298,3116407,a,False
2026-07-06T04:14:40Z,season,3918298,4360310,a,False
2026-07-06T04:14:42Z,season,3918298,4360689,a,False
2026-07-06T04:14:58Z,season,4360967,4259147,b,False
2026-07-06T04:15:04Z,season,4259147,4367209,a,False
2026-07-06T04:15:07Z,season,4259147,3046439,b,False
2026-07-06T04:15:10Z,season,3046439,4431588,a,False
2026-07-06T04:15:13Z,season,3046439,3127310,a,False
2026-07-06T04:15:15Z,season,3046439,4361100,a,False
2026-07-06T04:15:19Z,season,3046439,4239944,a,False
2026-07-06T04:15:22Z,season,3046439,4361088,a,False
2026-07-06T04:15:25Z,season,3046439,3052897,a,False
2026-07-06T04:15:30Z,season,3046439,4430539,b,False
2026-07-06T04:15:44Z,season,4430539,4576297,b,False
2026-07-06T04:15:54Z,season,4576297,4361411,a,False
2026-07-06T04:16:00Z,season,4576297,4040612,a,False
2026-07-06T04:16:04Z,season,4576297,4240472,a,False
2026-07-06T04:16:08Z,season,4576297,3052096,a,False
2026-07-06T04:16:15Z,season,4576297,4241961,a,False
2026-07-06T04:16:18Z,season,4576297,4039160,a,False
2026-07-06T04:16:20Z,season,4576297,4430539,a,False
2026-07-06T04:16:23Z,season,4576297,3121023,a,False
2026-07-06T04:16:28Z,season,4576297,2468609,a,False
2026-07-06T04:16:47Z,season,4576297,4360635,a,False
2026-07-06T04:16:52Z,season,4576297,4241961,a,False
2026-07-06T04:16:55Z,season,4576297,15835,a,False
2026-07-06T04:16:59Z,season,4576297,4383440,a,False
2026-07-06T04:17:01Z,season,4576297,4367209,a,False
2026-07-06T04:17:03Z,season,4576297,3043275,a,False
2026-07-06T04:17:07Z,season,4576297,5083076,b,False
2026-07-06T04:17:12Z,season,5083076,4048228,a,False
2026-07-06T04:17:26Z,season,5083076,4241263,a,False
2026-07-06T04:17:28Z,season,5083076,3052897,a,False
2026-07-06T04:17:31Z,season,5083076,4608362,a,False
2026-07-06T04:17:32Z,season,5083076,4241961,a,False
2026-07-06T04:17:35Z,season,5083076,15847,a,False
2026-07-06T04:17:37Z,season,5083076,2576925,a,False
2026-07-06T04:17:40Z,season,5083076,4686728,a,False
2026-07-06T04:17:42Z,season,5083076,15847,a,False
2026-07-06T04:17:43Z,season,5083076,4373030,a,False
2026-07-06T04:17:47Z,season,5083076,4243331,a,False
2026-07-06T04:17:48Z,season,5083076,4240472,a,False
2026-07-06T04:17:49Z,season,5083076,4241263,a,False
2026-07-06T04:17:53Z,season,5083076,3040151,b,False
2026-07-06T04:17:57Z,season,3040151,3054212,a,False
2026-07-06T04:17:58Z,season,3040151,5083076,a,False
2026-07-06T04:18:00Z,season,3040151,4385690,a,False
2026-07-06T04:18:14Z,season,3040151,4361050,a,False
2026-07-06T04:18:16Z,season,3040151,4361088,a,False
2026-07-06T04:18:20Z,season,3040151,4241961,a,False
2026-07-06T04:18:24Z,season,3040151,4678006,a,False
2026-07-06T04:18:25Z,season,3040151,4367209,a,False
2026-07-06T04:18:26Z,season,3040151,3043275,a,False
2026-07-06T04:18:27Z,season,3040151,4242558,a,False
2026-07-06T04:18:28Z,season,3040151,4360967,a,False
2026-07-06T04:18:33Z,season,3040151,3921690,a,False
2026-07-06T04:18:35Z,season,3040151,4426844,a,False
2026-07-06T04:18:37Z,season,3040151,4360086,a,False
2026-07-06T04:18:39Z,season,3040151,4258595,a,False
2026-07-06T04:18:41Z,season,3040151,4361372,a,False
2026-07-06T04:18:42Z,season,3040151,4242557,a,False
2026-07-06T04:18:44Z,season,3040151,3921690,a,False
2026-07-06T04:18:45Z,season,3040151,2468609,a,False
2026-07-06T04:18:46Z,season,3040151,4696700,a,False
2026-07-06T04:18:48Z,season,3040151,4239944,a,False
2026-07-06T04:18:53Z,season,3040151,4360967,a,False
2026-07-06T04:18:56Z,season,3040151,4360967,a,False
2026-07-06T04:19:00Z,season,3040151,4045305,a,False
2026-07-06T04:19:08Z,season,3040151,4431459,b,False
2026-07-06T04:19:13Z,season,4431459,3046439,a,False
2026-07-06T04:19:19Z,season,4431459,3121023,a,False
2026-07-06T04:19:24Z,season,4431459,4360086,a,False
2026-07-06T04:19:26Z,season,4431459,4361100,a,False
2026-07-06T04:19:27Z,season,4431459,3051876,a,False
2026-07-06T04:19:28Z,season,4431459,4576297,a,False
2026-07-06T04:19:29Z,season,4431459,4035020,a,False
2026-07-06T04:19:31Z,season,4431459,4361100,a,False
2026-07-06T04:19:32Z,season,4431459,4426844,a,False
2026-07-06T04:19:35Z,season,4431459,3116365,a,False
2026-07-06T04:19:36Z,season,4431459,4426496,a,False
2026-07-06T04:19:37Z,season,4431459,4572680,a,False
2026-07-06T04:19:38Z,season,4431459,3911853,a,False
2026-07-06T04:19:40Z,season,4431459,4372096,a,False
2026-07-06T04:19:41Z,season,4431459,4385690,a,False
2026-07-06T04:19:44Z,season,4431459,3930086,a,False
2026-07-06T04:19:45Z,season,4431459,4431588,a,False
2026-07-06T04:19:51Z,season,4431459,4242392,a,False
2026-07-06T04:19:53Z,season,4431459,4365395,a,False
2026-07-06T04:19:54Z,season,4431459,4426844,a,False
2026-07-06T04:19:55Z,season,4431459,3051876,a,False
2026-07-06T04:19:59Z,season,4431459,4608362,a,False
2026-07-06T04:20:00Z,season,4431459,4243331,a,False
2026-07-06T04:20:03Z,season,4431459,4595342,a,False
2026-07-06T04:20:05Z,season,4431459,4250764,a,False
2026-07-06T04:20:08Z,season,4431459,4242355,a,False
2026-07-06T04:20:10Z,season,4431459,4372026,a,False
2026-07-06T04:20:12Z,season,4431459,3929645,a,False
2026-07-06T04:20:13Z,season,4431459,4372026,a,False
2026-07-06T04:20:14Z,season,4431459,4048228,a,False
2026-07-06T04:20:25Z,season,4431487,4431280,b,False
2026-07-06T04:20:27Z,season,4431280,3915511,b,False
2026-07-06T04:20:29Z,season,3915511,4708486,a,False
2026-07-06T04:20:31Z,season,3915511,4373678,a,False
2026-07-06T04:20:33Z,season,3915511,4569987,a,False
2026-07-06T04:20:34Z,season,3915511,4372019,a,False
2026-07-06T04:20:35Z,season,3915511,4361516,a,False
2026-07-06T04:20:36Z,season,3915511,4597703,a,False
2026-07-06T04:20:37Z,season,3915511,3916204,a,False
2026-07-06T04:20:39Z,season,3915511,4430802,a,False
2026-07-06T04:20:40Z,season,3915511,4567156,a,False
2026-07-06T04:20:42Z,season,3915511,3121409,a,False
2026-07-06T04:20:43Z,season,3915511,4430870,a,False
2026-07-06T04:20:44Z,season,3915511,3886812,a,False
2026-07-06T04:20:45Z,season,3915511,3127292,a,False
2026-07-06T04:20:46Z,season,3915511,4601080,a,False
2026-07-06T04:20:47Z,season,3915511,4360635,a,False
2026-07-06T04:20:48Z,season,3915511,4372561,a,False
2026-07-06T04:20:49Z,season,3915511,4045163,a,False
2026-07-06T04:20:50Z,season,3915511,4048228,a,False
2026-07-06T04:20:51Z,season,3915511,4039505,a,False
2026-07-06T04:21:02Z,season,3915511,4685702,skip,False
2026-07-06T04:21:05Z,season,4241983,4361432,b,False
2026-07-06T04:21:08Z,season,4361432,3886812,a,False
2026-07-06T04:21:09Z,season,4361432,4045163,a,False
2026-07-06T04:21:10Z,season,4361432,3149687,a,False
2026-07-06T04:21:12Z,season,4361432,4401805,a,False
2026-07-06T04:21:13Z,season,4361432,4361088,a,False
2026-07-06T04:21:14Z,season,4361432,3052897,a,False
2026-07-06T04:21:15Z,season,4361432,4567506,a,False
2026-07-06T04:21:16Z,season,4361432,2991662,a,False
2026-07-06T04:21:18Z,season,4361432,4685247,a,False
2026-07-06T04:21:19Z,season,4361432,3895856,a,False
2026-07-06T04:21:21Z,season,4361432,4242335,b,False
2026-07-06T04:21:23Z,season,4242335,16800,a,False
2026-07-06T04:21:24Z,season,4242335,3052587,a,False
2026-07-06T04:21:26Z,season,4242335,4911851,a,False
2026-07-06T04:21:30Z,season,4242335,4241401,a,False
2026-07-06T04:21:32Z,season,4242335,3042519,a,False
2026-07-06T04:21:39Z,season,4242335,4430737,a,False
2026-07-06T04:21:45Z,season,4242335,4430637,a,False
2026-07-06T04:21:51Z,season,2577417,4426348,b,False
2026-07-06T04:21:55Z,season,4426348,4685720,a,False
2026-07-06T04:21:57Z,season,4426348,3039707,a,False
2026-07-06T04:21:58Z,season,4426348,4038815,a,False
2026-07-06T04:21:59Z,season,4426348,3061612,a,False
2026-07-06T04:22:01Z,season,4426348,4372716,a,False
2026-07-06T04:22:03Z,season,4426348,3043275,a,False
2026-07-06T04:22:05Z,season,4426348,4427238,a,False
2026-07-06T04:22:06Z,season,4426348,4258595,a,False
2026-07-06T04:22:07Z,season,4426348,3886812,a,False
2026-07-06T04:22:14Z,season,4426348,4569618,a,False
2026-07-06T04:22:15Z,season,4426348,4877203,a,False
2026-07-06T04:22:17Z,season,4426348,4429022,a,False
2026-07-06T04:22:18Z,season,4426348,4682745,a,False
2026-07-06T04:22:20Z,season,4426348,4368003,a,False
2026-07-06T04:22:22Z,season,4426348,4431452,b,False
2026-07-06T04:22:23Z,season,4431452,4257364,a,False
2026-07-06T04:22:25Z,season,4431452,4567506,a,False
2026-07-06T04:22:27Z,season,4431452,15864,a,False
2026-07-06T04:22:28Z,season,4431452,4429275,a,False
2026-07-06T04:22:29Z,season,4431452,4608362,a,False
2026-07-06T04:22:30Z,season,4431452,5081397,a,False
2026-07-06T04:22:31Z,season,4431452,4039057,a,False
2026-07-06T04:22:32Z,season,4431452,3127306,a,False
2026-07-06T04:22:33Z,season,4431452,2576581,a,False
2026-07-06T04:22:35Z,season,4431452,15864,a,False
2026-07-06T04:22:36Z,season,4431452,4695883,a,False
2026-07-06T04:22:37Z,season,4431452,4430802,a,False
2026-07-06T04:22:39Z,season,4431452,4428209,a,False
2026-07-06T04:22:45Z,season,4431452,4243537,a,False
2026-07-06T04:22:52Z,season,4711533,4426385,b,False
2026-07-06T04:22:57Z,season,4426385,3886809,a,False
2026-07-06T04:22:59Z,season,4426385,4426354,b,False
2026-07-06T04:23:01Z,season,4426354,2576581,a,False
2026-07-06T04:23:02Z,season,4426354,4685472,b,False
2026-07-06T04:23:05Z,season,4685472,3061612,a,False
2026-07-06T04:23:06Z,season,4685472,5097554,a,False
2026-07-06T04:23:08Z,season,4685472,4701936,a,False
2026-07-06T04:23:10Z,season,4685472,2577417,a,False
2026-07-06T04:23:12Z,season,4685472,4722893,a,False
2026-07-06T04:23:13Z,season,4685472,4362748,a,False
2026-07-06T04:23:14Z,season,4685472,3886809,a,False
2026-07-06T04:23:15Z,season,4685472,3042519,a,False
2026-07-06T04:23:18Z,season,4685472,4262921,b,False
2026-07-06T04:23:19Z,season,4262921,4683062,a,False
2026-07-06T04:23:21Z,season,4262921,4240631,a,False
2026-07-06T04:23:24Z,season,4262921,3929630,a,False
2026-07-06T04:23:26Z,season,4262921,3915411,a,False
2026-07-06T04:23:27Z,season,4262921,4242540,a,False
2026-07-06T04:23:28Z,season,4262921,4431280,a,False
2026-07-06T04:23:29Z,season,4262921,4427278,a,False
2026-07-06T04:23:30Z,season,4262921,4431431,a,False
2026-07-06T04:23:31Z,season,4262921,4427600,a,False
2026-07-06T04:23:32Z,season,4262921,4360689,a,False
2026-07-06T04:23:33Z,season,4262921,3139602,a,False
2026-07-06T04:23:35Z,season,4262921,4371733,a,False
2026-07-06T04:23:36Z,season,4262921,4596602,a,False
2026-07-06T04:23:37Z,season,4262921,4572680,a,False
2026-07-06T04:23:38Z,season,4262921,3116407,a,False
2026-07-06T04:23:43Z,season,4262921,4240603,a,False
2026-07-06T04:23:45Z,season,4262921,2576336,a,False
2026-07-06T04:23:46Z,season,4262921,4570037,a,False
2026-07-06T04:23:48Z,season,4262921,3915411,a,False
2026-07-06T04:23:55Z,season,4360978,4808766,b,False
2026-07-06T04:24:00Z,season,4808766,4241983,a,False
2026-07-06T04:24:02Z,season,4808766,4695404,a,False
2026-07-06T04:24:06Z,season,4808766,3915511,b,False
2026-07-06T04:24:12Z,season,4372414,14880,a,False
2026-07-06T04:24:17Z,season,4372414,3116407,a,False
2026-07-06T04:24:20Z,season,4372414,4057082,a,False
2026-07-06T04:24:51Z,season,4372414,4362748,a,False
2026-07-06T04:24:53Z,season,4372414,4361409,a,False
2026-07-06T04:24:55Z,season,4372414,3116406,b,False
2026-07-06T04:24:57Z,season,3116406,3126486,a,False
2026-07-06T04:25:08Z,season,3116406,4429275,b,False
2026-07-06T04:25:13Z,season,4429275,3043275,a,False
2026-07-06T04:25:16Z,season,4429275,2983509,a,False
2026-07-06T04:25:20Z,season,4429275,4057082,a,False
2026-07-06T04:25:22Z,season,4429275,4035687,b,False
2026-07-06T04:25:24Z,season,4035687,14012,a,False
2026-07-06T04:25:25Z,season,4035687,4242558,a,False
2026-07-06T04:25:27Z,season,4035687,4429676,a,False
2026-07-06T04:25:29Z,season,4035687,4360635,a,False
2026-07-06T04:25:32Z,season,4035687,4039057,a,False
2026-07-06T04:25:34Z,season,4035687,4695193,a,False
2026-07-06T04:25:35Z,season,4035687,4257364,a,False
2026-07-06T04:25:36Z,season,4035687,4036335,a,False
2026-07-06T04:25:38Z,season,4035687,4685247,a,False
2026-07-06T04:25:40Z,season,4035687,4613104,a,False
2026-07-06T04:25:41Z,season,4035687,4430656,a,False
2026-07-06T04:25:43Z,season,4035687,4567156,a,False
2026-07-06T04:25:44Z,season,4035687,4241464,a,False
2026-07-06T04:25:49Z,season,4035687,3128429,a,False
2026-07-06T04:25:56Z,season,4035687,4428209,b,False
2026-07-06T04:26:02Z,season,4428209,3886812,a,False
2026-07-06T04:26:03Z,season,4428209,4429148,a,False
2026-07-06T04:26:04Z,season,4428209,4360763,a,False
2026-07-06T04:26:07Z,season,4428209,3040151,b,False
2026-07-06T04:26:09Z,season,3040151,2577327,a,False
2026-07-06T04:26:10Z,season,3040151,4241372,a,False
2026-07-06T04:26:12Z,season,3040151,4257188,a,False
2026-07-06T04:26:13Z,season,3040151,4242540,a,False
2026-07-06T04:26:14Z,season,3040151,4241263,a,False
2026-07-06T04:26:15Z,season,3040151,4243176,a,False
2026-07-06T04:26:16Z,season,3040151,4567506,a,False
2026-07-06T04:26:17Z,season,3040151,4361579,a,False
2026-07-06T04:26:18Z,season,3040151,4360939,a,False
2026-07-06T04:26:19Z,season,3040151,4428678,a,False
2026-07-06T04:26:20Z,season,3040151,4248528,a,False
2026-07-06T04:26:22Z,season,3040151,4678006,a,False
2026-07-06T04:26:23Z,season,3040151,4361777,a,False
2026-07-06T04:26:24Z,season,3040151,4688813,a,False
2026-07-06T04:26:25Z,season,3040151,3121422,a,False
2026-07-06T04:26:26Z,season,3040151,4426844,a,False
2026-07-06T04:26:27Z,season,3040151,4037235,a,False
2026-07-06T04:26:29Z,season,3040151,4372096,a,False
2026-07-06T04:26:37Z,season,3040151,3139477,skip,False
2026-07-06T04:26:40Z,season,4361409,3127310,skip,False
2026-07-06T04:26:45Z,season,4690143,4722908,a,False
2026-07-06T04:26:47Z,season,4690143,4241983,a,False
2026-07-06T04:26:50Z,season,4690143,3871102,a,False
2026-07-06T04:26:51Z,season,4690143,3139477,b,False
2026-07-06T04:26:59Z,dynasty,4362238,3127306,a,False
2026-07-06T04:27:01Z,dynasty,4362238,3116407,a,False
2026-07-06T04:27:10Z,dynasty,4362238,3121422,a,False
2026-07-06T04:27:23Z,dynasty,4362238,3050481,a,False
2026-07-06T04:27:24Z,dynasty,4362238,2983509,a,False
2026-07-06T04:27:26Z,dynasty,4362238,4035693,a,False
2026-07-06T04:27:27Z,dynasty,4362238,4695193,a,False
2026-07-06T04:27:30Z,dynasty,4362238,4428718,a,False
2026-07-06T04:27:33Z,dynasty,4362238,3916430,a,False
2026-07-06T04:27:35Z,dynasty,4362238,4385690,a,False
2026-07-06T04:27:36Z,dynasty,4362238,4039050,a,False
2026-07-06T04:27:38Z,dynasty,4362238,4361307,b,False
2026-07-06T04:27:40Z,dynasty,4361307,14163,a,False
2026-07-06T04:27:41Z,dynasty,4361307,3039707,a,False
2026-07-06T04:27:44Z,dynasty,4361307,3916387,a,False
2026-07-06T04:27:47Z,dynasty,4361307,4361741,a,False
2026-07-06T04:27:48Z,dynasty,4361307,4686472,a,False
2026-07-06T04:27:50Z,dynasty,4361307,4426515,b,False
2026-07-06T04:27:52Z,dynasty,4426515,4241479,a,False
2026-07-06T04:27:54Z,dynasty,4426515,4061956,a,False
2026-07-06T04:27:55Z,dynasty,4426515,4696981,a,False
2026-07-06T04:27:56Z,dynasty,4426515,5097554,a,False
2026-07-06T04:27:58Z,dynasty,4426515,4596602,a,False
2026-07-06T04:27:59Z,dynasty,4426515,12483,a,False
2026-07-06T04:28:09Z,dynasty,4426515,4360294,a,False
2026-07-06T04:28:11Z,dynasty,4426515,2468609,a,False
2026-07-06T04:28:12Z,dynasty,4426515,4569987,a,False
2026-07-06T04:28:13Z,dynasty,4426515,4428331,a,False
2026-07-06T04:28:14Z,dynasty,4426515,2468609,a,False
2026-07-06T04:28:15Z,dynasty,4426515,4427600,a,False
2026-07-06T04:28:16Z,dynasty,4426515,4427238,a,False
2026-07-06T04:28:17Z,dynasty,4426515,4685279,a,False
2026-07-06T04:28:18Z,dynasty,4426515,4428209,a,False
2026-07-06T04:28:19Z,dynasty,4426515,4569382,a,False
2026-07-06T04:28:20Z,dynasty,4426515,4429022,a,False
2026-07-06T04:28:21Z,dynasty,4426515,5083754,a,False
2026-07-06T04:28:23Z,dynasty,4426515,4039057,a,False
2026-07-06T04:28:24Z,dynasty,4426515,4682745,a,False
2026-07-06T04:28:26Z,dynasty,4426515,3121422,a,False
2026-07-06T04:28:27Z,dynasty,4426515,15795,a,False
2026-07-06T04:28:33Z,dynasty,4690013,4043016,skip,False
2026-07-06T04:28:35Z,dynasty,4429160,4710341,a,False
2026-07-06T04:28:36Z,dynasty,4429160,4426496,a,False
2026-07-06T04:28:37Z,dynasty,4429160,4429676,a,False
2026-07-06T04:28:38Z,dynasty,4429160,2576581,a,False
2026-07-06T04:28:39Z,dynasty,4429160,2991662,a,False
2026-07-06T04:28:40Z,dynasty,4429160,4362452,a,False
2026-07-06T04:28:41Z,dynasty,4429160,4426338,a,False
2026-07-06T04:28:42Z,dynasty,4429160,4430191,a,False
2026-07-06T04:28:43Z,dynasty,4429160,4360967,a,False
2026-07-06T04:28:49Z,dynasty,4429160,4426502,b,False
2026-07-06T04:28:51Z,dynasty,4426502,4241961,a,False
2026-07-06T04:28:54Z,dynasty,4426502,3115306,a,False
2026-07-06T04:28:57Z,dynasty,4426502,4361741,a,False
2026-07-06T04:28:59Z,dynasty,4426502,4429096,a,False
2026-07-06T04:29:00Z,dynasty,4426502,14163,a,False
2026-07-06T04:29:01Z,dynasty,4426502,4367209,a,False
2026-07-06T04:29:02Z,dynasty,4426502,4360086,a,False
2026-07-06T04:29:03Z,dynasty,4426502,4596439,a,False
2026-07-06T04:29:05Z,dynasty,4426502,3116365,a,False
2026-07-06T04:29:06Z,dynasty,4426502,4239944,a,False
2026-07-06T04:29:07Z,dynasty,4426502,4372019,a,False
2026-07-06T04:29:09Z,dynasty,4426502,4429615,a,False
2026-07-06T04:29:10Z,dynasty,4426502,4368003,a,False
2026-07-06T04:29:12Z,dynasty,4426502,3054212,a,False
2026-07-06T04:29:13Z,dynasty,4426502,4710341,a,False
2026-07-06T04:29:14Z,dynasty,4426502,4241985,a,False
2026-07-06T04:29:15Z,dynasty,4426502,4243003,a,False
2026-07-06T04:29:18Z,dynasty,4426502,4038941,a,False
2026-07-06T04:29:19Z,dynasty,4426502,4428796,a,False
2026-07-06T04:29:20Z,dynasty,4426502,3676833,a,False
2026-07-06T04:29:21Z,dynasty,4426502,3059915,a,False
2026-07-06T04:29:22Z,dynasty,4426502,4429059,a,False
2026-07-06T04:29:23Z,dynasty,4426502,4605841,a,False
2026-07-06T04:29:28Z,dynasty,4426502,3040151,a,False
2026-07-06T04:29:29Z,dynasty,4426502,3123075,a,False
2026-07-06T04:29:30Z,dynasty,4426502,4362478,a,False
2026-07-06T04:29:31Z,dynasty,4426502,4258595,a,False
2026-07-06T04:29:32Z,dynasty,4426502,2577417,a,False
2026-07-06T04:29:33Z,dynasty,4426502,4426553,a,False
2026-07-06T04:29:34Z,dynasty,4426502,4242512,a,False
2026-07-06T04:29:35Z,dynasty,4426502,4428557,a,False
2026-07-06T04:29:36Z,dynasty,4426502,4366963,a,False
2026-07-06T04:29:38Z,dynasty,4426502,4430539,a,False
2026-07-06T04:29:39Z,dynasty,4426502,3149687,a,False
2026-07-06T04:29:41Z,dynasty,4426502,4432710,a,False
2026-07-06T04:29:42Z,dynasty,4426502,4249417,a,False
2026-07-06T04:29:43Z,dynasty,4426502,4701936,a,False
2026-07-06T04:29:44Z,dynasty,4426502,16002,a,False
2026-07-06T04:29:45Z,dynasty,4426502,4360763,a,False
2026-07-06T04:29:47Z,dynasty,4426502,4701936,a,False
2026-07-06T04:29:48Z,dynasty,4426502,4424106,a,False
2026-07-06T04:29:55Z,dynasty,4360248,4429275,a,False
2026-07-06T04:29:56Z,dynasty,4360248,4605841,a,False
2026-07-06T04:29:58Z,dynasty,4360248,4432731,a,False
2026-07-06T04:30:02Z,dynasty,4360248,3049698,a,False
2026-07-06T04:30:04Z,dynasty,4360248,4039160,a,False
2026-07-06T04:30:05Z,dynasty,4360248,3116389,a,False
2026-07-06T04:30:06Z,dynasty,4360248,4361516,a,False
2026-07-06T04:30:07Z,dynasty,4360248,4889929,a,False
2026-07-06T04:30:08Z,dynasty,4360248,4035020,a,False
2026-07-06T04:30:10Z,dynasty,4360248,4430637,a,False
2026-07-06T04:30:11Z,dynasty,4360248,2577417,a,False
2026-07-06T04:30:13Z,dynasty,4360248,4432620,a,False
2026-07-06T04:30:15Z,dynasty,4360248,4361741,a,False
2026-07-06T04:30:17Z,dynasty,4360248,3911853,a,False
2026-07-06T04:30:19Z,dynasty,4360248,3052897,a,False
2026-07-06T04:30:20Z,dynasty,4360248,4362628,b,False
2026-07-06T04:30:22Z,dynasty,4362628,4241985,a,False
2026-07-06T04:30:23Z,dynasty,4362628,4568490,a,False
2026-07-06T04:30:24Z,dynasty,4362628,4877203,a,False
2026-07-06T04:30:25Z,dynasty,4362628,4432577,a,False
2026-07-06T04:30:26Z,dynasty,4362628,3126997,a,False
2026-07-06T04:30:27Z,dynasty,4362628,4372096,a,False
2026-07-06T04:30:28Z,dynasty,4362628,4429939,a,False
2026-07-06T04:30:28Z,dynasty,4362628,3139602,a,False
2026-07-06T04:30:29Z,dynasty,4362628,14881,a,False
2026-07-06T04:30:30Z,dynasty,4362628,4430802,a,False
2026-07-06T04:30:31Z,dynasty,4362628,4401805,a,False
2026-07-06T04:30:32Z,dynasty,4362628,4428796,a,False
2026-07-06T04:30:33Z,dynasty,4362628,4711533,a,False
2026-07-06T04:30:34Z,dynasty,4362628,4685415,a,False
2026-07-06T04:30:35Z,dynasty,4362628,4035537,a,False
2026-07-06T04:30:36Z,dynasty,4362628,4363551,a,False
2026-07-06T04:30:36Z,dynasty,4362628,4242557,a,False
2026-07-06T04:30:38Z,dynasty,4362628,4047365,a,False
2026-07-06T04:30:39Z,dynasty,4362628,4686422,a,False
2026-07-06T04:30:40Z,dynasty,4362628,4428331,a,False
2026-07-06T04:30:41Z,dynasty,4362628,3916433,a,False
2026-07-06T04:30:42Z,dynasty,4362628,4688813,a,False
2026-07-06T04:30:43Z,dynasty,4362628,4429501,a,False
2026-07-06T04:30:43Z,dynasty,4362628,4882093,a,False
2026-07-06T04:30:44Z,dynasty,4362628,4362748,a,False
2026-07-06T04:30:45Z,dynasty,4362628,4427600,a,False
2026-07-06T04:30:46Z,dynasty,4362628,3886598,a,False
2026-07-06T04:30:47Z,dynasty,4362628,4036335,a,False
2026-07-06T04:30:48Z,dynasty,4362628,4363551,a,False
2026-07-06T04:30:48Z,dynasty,4362628,3929785,a,False
2026-07-06T04:30:49Z,dynasty,4362628,4012556,a,False
2026-07-06T04:30:50Z,dynasty,4362628,4430870,a,False
2026-07-06T04:30:51Z,dynasty,4362628,11394,a,False
2026-07-06T04:30:52Z,dynasty,4362628,4710855,a,False
2026-07-06T04:30:53Z,dynasty,4362628,4366963,a,False
2026-07-06T04:30:53Z,dynasty,4362628,2580216,a,False
2026-07-06T04:30:54Z,dynasty,4362628,4569559,a,False
2026-07-06T04:30:55Z,dynasty,4362628,4685702,a,False
2026-07-06T04:30:56Z,dynasty,4362628,3120348,a,False
2026-07-06T04:30:58Z,dynasty,4362628,4612826,a,False
2026-07-06T04:30:59Z,dynasty,4362628,4429205,a,False
2026-07-06T04:31:00Z,dynasty,4362628,4361516,a,False
2026-07-06T04:31:01Z,dynasty,4362628,3911853,a,False
2026-07-06T04:31:01Z,dynasty,4362628,3914397,a,False
2026-07-06T04:31:02Z,dynasty,4362628,4567048,a,False
2026-07-06T04:31:03Z,dynasty,4362628,4431299,a,False
2026-07-06T04:31:04Z,dynasty,4362628,15835,a,False
2026-07-06T04:31:05Z,dynasty,4362628,3843945,a,False
2026-07-06T04:31:06Z,dynasty,4362628,4036133,a,False
2026-07-06T04:31:07Z,dynasty,4362628,4635008,a,False
2026-07-06T04:31:08Z,dynasty,4362628,4685247,a,False
2026-07-06T04:31:09Z,dynasty,4362628,4569618,a,False
2026-07-06T04:31:09Z,dynasty,4362628,4690070,a,False
2026-07-06T04:31:10Z,dynasty,4362628,4242558,a,False
2026-07-06T04:31:11Z,dynasty,4362628,4612826,a,False
2026-07-06T04:31:12Z,dynasty,4362628,4430871,a,False
2026-07-06T04:31:12Z,dynasty,4362628,4429615,a,False
2026-07-06T04:31:13Z,dynasty,4362628,4430870,a,False
2026-07-06T04:31:14Z,dynasty,4362628,4608810,a,False
2026-07-06T04:31:15Z,dynasty,4362628,3917668,a,False
2026-07-06T04:31:16Z,dynasty,4362628,4686728,a,False
2026-07-06T04:31:16Z,dynasty,4362628,3128720,a,False
2026-07-06T04:31:17Z,dynasty,4362628,3915416,a,False
2026-07-06T04:31:18Z,dynasty,4362628,4061956,a,False
2026-07-06T04:31:19Z,dynasty,4362628,4360797,a,False
2026-07-06T04:31:19Z,dynasty,4362628,4383440,a,False
2026-07-06T04:31:20Z,dynasty,4362628,3045523,a,False
2026-07-06T04:31:21Z,dynasty,4362628,4360761,a,False
2026-07-06T04:31:22Z,dynasty,4362628,4573697,a,False
2026-07-06T04:31:22Z,dynasty,4362628,4248528,a,False
2026-07-06T04:31:30Z,dynasty,4038815,2576980,a,False
2026-07-06T04:31:31Z,dynasty,4038815,4361516,a,False
2026-07-06T04:31:33Z,dynasty,4038815,4568490,b,False
2026-07-06T04:31:35Z,dynasty,4568490,3040151,b,False
2026-07-06T04:31:37Z,dynasty,3040151,4696981,a,False
2026-07-06T04:31:39Z,dynasty,3040151,4036335,a,False
2026-07-06T04:31:41Z,dynasty,3040151,4385690,a,False
2026-07-06T04:31:42Z,dynasty,3040151,3916433,a,False
2026-07-06T04:31:43Z,dynasty,3040151,4605841,a,False
2026-07-06T04:31:44Z,dynasty,3040151,4379399,b,False
2026-07-06T04:31:46Z,dynasty,4379399,3050481,a,False
2026-07-06T04:31:53Z,dynasty,4379399,4678008,a,False
2026-07-06T04:31:54Z,dynasty,4379399,4430539,a,False
2026-07-06T04:31:55Z,dynasty,4379399,4572680,a,False
2026-07-06T04:31:56Z,dynasty,4379399,4575131,a,False
2026-07-06T04:32:20Z,dynasty,4379399,4241478,a,False
2026-07-06T04:32:26Z,dynasty,4379399,4710855,a,False
2026-07-06T04:32:27Z,dynasty,4379399,3915411,a,False
2026-07-06T04:32:28Z,dynasty,4379399,4426844,a,False
2026-07-06T04:32:29Z,dynasty,4379399,4241464,a,False
2026-07-06T04:32:30Z,dynasty,4379399,4035538,a,False
2026-07-06T04:32:32Z,dynasty,4379399,4575131,a,False
2026-07-06T04:32:32Z,dynasty,4379399,4239996,a,False
2026-07-06T04:32:33Z,dynasty,4379399,4258173,a,False
2026-07-06T04:32:34Z,dynasty,4379399,4428796,a,False
2026-07-06T04:32:35Z,dynasty,4379399,4250764,a,False
2026-07-06T04:32:36Z,dynasty,4379399,3039707,a,False
2026-07-06T04:32:37Z,dynasty,4379399,3121409,a,False
2026-07-06T04:32:38Z,dynasty,4379399,3843945,a,False
2026-07-06T04:32:39Z,dynasty,4379399,4430968,a,False
2026-07-06T04:32:41Z,dynasty,4379399,3128720,a,False
2026-07-06T04:32:42Z,dynasty,4379399,4242540,a,False
2026-07-06T04:32:43Z,dynasty,4379399,4426844,a,False
2026-07-06T04:32:44Z,dynasty,4379399,4430807,a,False
2026-07-06T04:32:52Z,dynasty,4685702,4599739,a,False
2026-07-06T04:32:54Z,dynasty,4685702,4372026,a,False
2026-07-06T04:32:55Z,dynasty,4685702,4682652,a,False
2026-07-06T04:32:56Z,dynasty,4685702,4241401,a,False
2026-07-06T04:32:57Z,dynasty,4685702,4613104,a,False
2026-07-06T04:33:00Z,dynasty,4685702,4685278,a,False
2026-07-06T04:33:01Z,dynasty,4685702,4363551,a,False
2026-07-06T04:33:03Z,dynasty,4685702,4428331,a,False
2026-07-06T04:33:05Z,dynasty,4685702,3059915,a,False
2026-07-06T04:33:06Z,dynasty,4685702,4035020,a,False
2026-07-06T04:33:07Z,dynasty,4685702,4608362,a,False
2026-07-06T04:33:08Z,dynasty,4685702,4573697,a,False
2026-07-06T04:33:10Z,dynasty,4685702,4057082,a,False
2026-07-06T04:33:11Z,dynasty,4685702,4242558,a,False
2026-07-06T04:33:13Z,dynasty,4685702,15818,a,False
2026-07-06T04:33:14Z,dynasty,4685702,4428678,a,False
2026-07-06T04:33:15Z,dynasty,4685702,4258595,a,False
2026-07-06T04:33:17Z,dynasty,4685702,4362628,b,False
2026-07-06T04:33:25Z,dynasty,4240021,4710341,b,False
2026-07-06T04:33:30Z,dynasty,4710341,4602667,b,False
2026-07-06T04:33:32Z,dynasty,4602667,4385690,b,False
2026-07-06T04:33:35Z,dynasty,4385690,3917792,a,False
2026-07-06T04:33:36Z,dynasty,4385690,16002,a,False
2026-07-06T04:33:37Z,dynasty,4385690,4372561,a,False
2026-07-06T04:33:38Z,dynasty,4385690,4361372,a,False
2026-07-06T04:33:42Z,dynasty,4385690,4711533,a,False
2026-07-06T04:33:44Z,dynasty,4385690,4362921,a,False
2026-07-06T04:33:45Z,dynasty,4385690,4690013,a,False
2026-07-06T04:33:47Z,dynasty,4385690,4361741,b,False
2026-07-06T04:33:49Z,dynasty,4361741,4367209,a,False
2026-07-06T04:33:50Z,dynasty,4361741,4241961,a,False
2026-07-06T04:33:53Z,dynasty,4361741,4430807,b,False
2026-07-06T04:33:55Z,dynasty,4430807,3917315,a,False
2026-07-06T04:33:59Z,dynasty,4430807,4360763,a,False
2026-07-06T04:34:00Z,dynasty,4430807,4428678,a,False
2026-07-06T04:34:01Z,dynasty,4430807,4383440,a,False
2026-07-06T04:34:02Z,dynasty,4430807,3052897,a,False
2026-07-06T04:34:04Z,dynasty,4430807,3916148,a,False
2026-07-06T04:34:05Z,dynasty,4430807,4426338,a,False
2026-07-06T04:34:06Z,dynasty,4430807,3045523,a,False
2026-07-06T04:34:07Z,dynasty,4430807,4212909,a,False
2026-07-06T04:34:08Z,dynasty,4430807,16460,a,False
2026-07-06T04:34:09Z,dynasty,4430807,4361529,a,False
2026-07-06T04:34:10Z,dynasty,4430807,4430656,a,False
2026-07-06T04:34:11Z,dynasty,4430807,3914397,a,False
2026-07-06T04:34:17Z,dynasty,4877706,3059722,a,False
2026-07-06T04:34:19Z,dynasty,4877706,2577417,b,False
2026-07-06T04:34:21Z,dynasty,2577417,4241463,a,False
2026-07-06T04:34:22Z,dynasty,2577417,4567096,a,False
2026-07-06T04:34:23Z,dynasty,2577417,4430637,a,False
2026-07-06T04:34:24Z,dynasty,2577417,4431268,a,False
2026-07-06T04:34:27Z,dynasty,2577417,4597500,a,False
2026-07-06T04:34:28Z,dynasty,2577417,16002,a,False
2026-07-06T04:34:30Z,dynasty,2577417,16731,a,False
2026-07-06T04:34:31Z,dynasty,2577417,3049698,a,False
2026-07-06T04:34:32Z,dynasty,2577417,4877203,a,False
2026-07-06T04:34:33Z,dynasty,2577417,4722908,a,False
2026-07-06T04:34:40Z,dynasty,2577417,12483,skip,False
2026-07-06T04:34:43Z,dynasty,4602667,4248528,b,False
2026-07-06T04:34:44Z,dynasty,4248528,4567156,a,False
2026-07-06T04:34:46Z,dynasty,4248528,4426496,a,False
2026-07-06T04:34:47Z,dynasty,4248528,4723086,b,False
2026-07-06T04:34:50Z,dynasty,4723086,4686422,a,False
2026-07-06T04:34:51Z,dynasty,4723086,3126486,a,False
2026-07-06T04:34:52Z,dynasty,4723086,4243003,a,False
2026-07-06T04:34:55Z,dynasty,4723086,4431459,skip,False
2026-07-06T04:34:58Z,dynasty,4426496,4045305,a,False
2026-07-06T04:35:00Z,dynasty,4426496,4360423,a,False
2026-07-06T04:35:02Z,dynasty,4426496,4360078,b,False
2026-07-06T04:35:03Z,dynasty,4360078,4889929,a,False
2026-07-06T04:35:05Z,dynasty,4360078,4883647,a,False
2026-07-06T04:35:06Z,dynasty,4360078,4430871,a,False
2026-07-06T04:35:08Z,dynasty,4360078,2576980,a,False
2026-07-06T04:35:17Z,dynasty,4360078,4036378,a,False
2026-07-06T04:35:21Z,dynasty,4360078,4242392,a,False
2026-07-06T04:35:22Z,dynasty,4360078,4429676,a,False
2026-07-06T04:35:23Z,dynasty,4360078,4383396,a,False
2026-07-06T04:35:28Z,dynasty,4360078,2576980,a,False
2026-07-06T04:35:29Z,dynasty,4360078,4040655,a,False
2026-07-06T04:35:31Z,dynasty,4360078,4565185,a,False
2026-07-06T04:36:05Z,dynasty,4360078,4386544,a,False
2026-07-06T04:36:06Z,dynasty,4360078,4695883,a,False
2026-07-06T04:36:08Z,dynasty,4360078,4567506,a,False
2026-07-06T04:36:25Z,dynasty,4360078,4596334,a,False
2026-07-06T04:36:28Z,dynasty,4360078,14881,a,False
2026-07-06T04:36:30Z,dynasty,4360078,2573079,a,False
2026-07-06T04:36:33Z,dynasty,4360078,11252,a,False
2026-07-06T04:36:35Z,dynasty,4360078,3926231,a,False
2026-07-06T04:36:37Z,dynasty,4360078,4569609,a,False
2026-07-06T04:36:40Z,dynasty,4360078,4036335,a,False
2026-07-06T04:36:42Z,dynasty,4360078,4243389,a,False
2026-07-06T04:36:44Z,dynasty,4360078,4432710,b,False
2026-07-06T04:36:45Z,dynasty,4432710,4241401,a,False
2026-07-06T04:36:50Z,dynasty,4432710,4239993,a,False
2026-07-06T04:36:55Z,dynasty,4432710,4427600,a,False
2026-07-06T04:36:56Z,dynasty,4432710,3054850,a,False
2026-07-06T04:36:57Z,dynasty,4432710,4241476,a,False
2026-07-06T04:37:05Z,dynasty,4432710,4685472,skip,False
2026-07-06T04:37:15Z,dynasty,4429023,4241416,b,False
2026-07-06T04:37:17Z,dynasty,4241416,4430034,a,False
2026-07-06T04:37:20Z,dynasty,4241416,4373678,a,False
2026-07-06T04:37:22Z,dynasty,4241416,4595348,b,False
2026-07-06T04:37:24Z,dynasty,4595348,4605841,a,False
2026-07-06T04:37:25Z,dynasty,4595348,4360248,a,False
2026-07-06T04:37:26Z,dynasty,4595348,3843945,a,False
2026-07-06T04:37:27Z,dynasty,4595348,4039505,a,False
2026-07-06T04:37:29Z,dynasty,4595348,4690013,a,False
2026-07-06T04:37:30Z,dynasty,4595348,4710341,a,False
2026-07-06T04:37:31Z,dynasty,4595348,4429013,a,False
2026-07-06T04:37:32Z,dynasty,4595348,3116406,a,False
2026-07-06T04:37:33Z,dynasty,4595348,4608362,a,False
2026-07-06T04:37:34Z,dynasty,4595348,4427600,a,False
2026-07-06T04:37:35Z,dynasty,4595348,4429299,a,False
2026-07-06T04:37:36Z,dynasty,4595348,4039050,a,False
2026-07-06T04:37:37Z,dynasty,4595348,4361777,a,False
2026-07-06T04:37:38Z,dynasty,4595348,4360967,a,False
2026-07-06T04:37:41Z,dynasty,4595348,4362628,b,False
2026-07-06T04:37:45Z,dynasty,4038941,4911851,a,False
2026-07-06T04:37:46Z,dynasty,4038941,4808839,a,False
2026-07-06T04:37:47Z,dynasty,4038941,2991662,a,False
2026-07-06T04:37:48Z,dynasty,4038941,4635008,a,False
2026-07-06T04:37:50Z,dynasty,4038941,15835,a,False
2026-07-06T04:37:51Z,dynasty,4038941,3127292,a,False
2026-07-06T04:37:52Z,dynasty,4038941,4383440,a,False
2026-07-06T04:37:53Z,dynasty,4038941,3929914,a,False
2026-07-06T04:37:55Z,dynasty,4038941,3929630,b,False
2026-07-06T04:37:57Z,dynasty,3929630,4241424,a,False
2026-07-06T04:37:58Z,dynasty,3929630,4241961,a,False
2026-07-06T04:37:59Z,dynasty,3929630,3921690,a,False
2026-07-06T04:38:00Z,dynasty,3929630,4360967,a,False
2026-07-06T04:38:01Z,dynasty,3929630,3050481,a,False
2026-07-06T04:38:02Z,dynasty,3929630,3122168,a,False
2026-07-06T04:38:03Z,dynasty,3929630,4369466,a,False
2026-07-06T04:38:07Z,dynasty,4362887,3122168,b,False
2026-07-06T04:38:13Z,dynasty,3122168,4696700,a,False
2026-07-06T04:38:15Z,dynasty,3122168,4241985,b,False
2026-07-06T04:38:17Z,dynasty,4241985,4432665,b,False
2026-07-06T04:38:18Z,dynasty,4432665,15847,a,False
2026-07-06T04:38:20Z,dynasty,4432665,4678006,a,False
2026-07-06T04:38:21Z,dynasty,4432665,4431588,a,False
2026-07-06T04:38:22Z,dynasty,4432665,4427366,a,False
2026-07-06T04:38:24Z,dynasty,4432665,4212909,a,False
2026-07-06T04:38:25Z,dynasty,4432665,4613104,a,False
2026-07-06T04:38:29Z,dynasty,4432665,4239934,a,False
2026-07-06T04:38:33Z,dynasty,4432665,4567750,skip,False
2026-07-06T04:38:39Z,dynasty,4373678,4373626,a,False
2026-07-06T04:38:40Z,dynasty,4373678,4429684,a,False
2026-07-06T04:38:42Z,dynasty,4373678,4432708,b,False
2026-07-06T04:38:46Z,dynasty,4432708,16800,a,False
2026-07-06T04:38:49Z,dynasty,4432708,4372780,a,False
2026-07-06T04:38:50Z,dynasty,4432708,15818,a,False
2026-07-06T04:38:51Z,dynasty,4432708,4426844,a,False
2026-07-06T04:38:52Z,dynasty,4432708,4432620,a,False
2026-07-06T04:38:53Z,dynasty,4432708,4360438,a,False
2026-07-06T04:38:55Z,dynasty,4432708,4429275,a,False
2026-07-06T04:38:56Z,dynasty,4432708,3116407,a,False
2026-07-06T04:38:57Z,dynasty,4432708,3930086,a,False
2026-07-06T04:38:58Z,dynasty,4432708,3916945,a,False
2026-07-06T04:38:59Z,dynasty,4432708,2576925,a,False
2026-07-06T04:39:01Z,dynasty,4432708,4361741,a,False
2026-07-06T04:39:02Z,dynasty,4432708,4241263,a,False
2026-07-06T04:39:03Z,dynasty,4432708,4887558,a,False
2026-07-06T04:39:04Z,dynasty,4432708,4362748,a,False
2026-07-06T04:39:05Z,dynasty,4432708,4248528,a,False
2026-07-06T04:39:09Z,dynasty,4432708,4567156,a,False
2026-07-06T04:39:10Z,dynasty,4432708,4361100,a,False
2026-07-06T04:39:14Z,dynasty,4432708,4701936,a,False
2026-07-06T04:39:18Z,dynasty,4432708,4241374,a,False
2026-07-06T04:39:19Z,dynasty,4432708,16460,a,False
2026-07-06T04:39:23Z,dynasty,4432708,4685720,a,False
2026-07-06T04:39:27Z,dynasty,4432708,4887558,a,False
2026-07-06T04:39:29Z,dynasty,4432708,4241478,b,False
2026-07-06T04:39:31Z,dynasty,4241478,4426348,a,False
2026-07-06T04:39:32Z,dynasty,4241478,4240603,a,False
2026-07-06T04:39:33Z,dynasty,4241478,4686612,a,False
2026-07-06T04:39:34Z,dynasty,4241478,4608810,a,False
2026-07-06T04:39:35Z,dynasty,4241478,4241263,a,False
2026-07-06T04:39:36Z,dynasty,4241478,3128720,a,False
2026-07-06T04:39:37Z,dynasty,4241478,3051876,a,False
2026-07-06T04:39:38Z,dynasty,4241478,5082630,a,False
2026-07-06T04:39:40Z,dynasty,4241478,4429022,a,False
2026-07-06T04:39:42Z,dynasty,4241478,4259545,a,False
2026-07-06T04:39:43Z,dynasty,4241478,4691688,a,False
2026-07-06T04:39:44Z,dynasty,4241478,4372758,a,False
2026-07-06T04:39:45Z,dynasty,4241478,4360310,a,False
2026-07-06T04:39:47Z,dynasty,4241478,4431299,a,False
2026-07-06T04:39:48Z,dynasty,4241478,4361579,a,False
2026-07-06T04:39:53Z,dynasty,4241478,8439,a,False
2026-07-06T04:39:54Z,dynasty,4241478,3043275,a,False
2026-07-06T04:39:55Z,dynasty,4241478,4258595,a,False
2026-07-06T04:39:56Z,dynasty,4241478,15847,a,False
2026-07-06T04:39:58Z,dynasty,4241478,3930066,a,False
2026-07-06T04:40:01Z,dynasty,4241478,2983509,a,False
2026-07-06T04:40:04Z,dynasty,4241478,2983509,a,False
2026-07-06T04:40:07Z,dynasty,4241478,16002,a,False
2026-07-06T04:40:09Z,dynasty,4241478,4430807,b,False
2026-07-06T04:40:11Z,dynasty,4430807,4368003,a,False
2026-07-06T04:40:12Z,dynasty,4430807,16460,a,False
2026-07-06T04:40:15Z,dynasty,4430807,4427095,a,False
2026-07-06T04:40:17Z,dynasty,4430807,3917914,a,False
2026-07-06T04:40:23Z,dynasty,4360078,4040655,a,False
2026-07-06T04:40:25Z,dynasty,4360078,4608362,a,False
2026-07-06T04:40:28Z,dynasty,4360078,4683062,b,False
2026-07-06T04:40:33Z,dynasty,4683062,4382466,a,False
2026-07-06T04:40:34Z,dynasty,4683062,4688813,a,False
2026-07-06T04:40:38Z,dynasty,4045163,8439,a,False
2026-07-06T04:40:42Z,dynasty,4045163,4241474,b,False
2026-07-06T04:40:45Z,dynasty,4241474,3128390,a,False
2026-07-06T04:40:47Z,dynasty,4241474,4241983,a,False
2026-07-06T04:40:49Z,dynasty,4241474,4360797,b,False
2026-07-06T04:40:51Z,dynasty,4360797,2973405,a,False
2026-07-06T04:40:53Z,dynasty,4360797,4360689,b,False
2026-07-06T04:40:55Z,dynasty,4360689,3127292,a,False
2026-07-06T04:40:56Z,dynasty,4360689,3929785,a,False
2026-07-06T04:40:58Z,dynasty,4360689,4429148,a,False
2026-07-06T04:40:59Z,dynasty,4360689,4259305,a,False
2026-07-06T04:41:12Z,dynasty,4360689,4372016,b,False
2026-07-06T04:41:14Z,dynasty,4372016,4360763,a,False
2026-07-06T04:41:15Z,dynasty,4372016,4362619,a,False
2026-07-06T04:41:16Z,dynasty,4372016,4258173,b,False
2026-07-06T04:41:19Z,dynasty,4258173,3895856,a,False
2026-07-06T04:41:20Z,dynasty,4258173,2991662,a,False
2026-07-06T04:41:20Z,dynasty,4258173,3149687,a,False
2026-07-06T04:41:21Z,dynasty,4258173,4431545,a,False
2026-07-06T04:41:24Z,dynasty,4258173,3134353,a,False
2026-07-06T04:41:25Z,dynasty,4258173,4569603,a,False
2026-07-06T04:41:26Z,dynasty,4258173,3871102,a,False
2026-07-06T04:41:27Z,dynasty,4258173,3139602,a,False
2026-07-06T04:41:28Z,dynasty,4258173,4386544,a,False
2026-07-06T04:41:30Z,dynasty,4258173,3916387,a,False
2026-07-06T04:41:32Z,dynasty,4258173,3127310,a,False
2026-07-06T04:41:33Z,dynasty,4258173,4596334,a,False
2026-07-06T04:41:34Z,dynasty,4258173,4602667,a,False
2026-07-06T04:41:35Z,dynasty,4258173,4362249,a,False
2026-07-06T04:41:36Z,dynasty,4258173,4690070,a,False
2026-07-06T04:41:38Z,dynasty,4258173,4242558,a,False
2026-07-06T04:41:40Z,dynasty,4258173,3115306,a,False
2026-07-06T04:41:41Z,dynasty,4258173,4012556,a,False
2026-07-06T04:41:42Z,dynasty,4258173,4429086,a,False
2026-07-06T04:41:43Z,dynasty,4258173,4040715,a,False
2026-07-06T04:41:44Z,dynasty,4258173,4012556,a,False
2026-07-06T04:41:45Z,dynasty,4258173,4819231,a,False
2026-07-06T04:41:47Z,dynasty,4258173,4360423,a,False
2026-07-06T04:41:48Z,dynasty,4258173,4882093,a,False
2026-07-06T04:41:49Z,dynasty,4258173,4371733,a,False
2026-07-06T04:41:51Z,dynasty,4258173,4371733,a,False
2026-07-06T04:41:52Z,dynasty,4258173,4428085,a,False
2026-07-06T04:41:53Z,dynasty,4258173,4426385,a,False
2026-07-06T04:41:54Z,dynasty,4258173,4035656,a,False
2026-07-06T04:41:55Z,dynasty,4258173,4360569,a,False
2026-07-06T04:41:56Z,dynasty,4258173,16460,a,False
2026-07-06T04:41:57Z,dynasty,4258173,4361741,a,False
2026-07-06T04:41:58Z,dynasty,4258173,4241476,a,False
2026-07-06T04:41:59Z,dynasty,4258173,4613104,a,False
2026-07-06T04:42:00Z,dynasty,4258173,4597703,a,False
2026-07-06T04:42:01Z,dynasty,4258173,4372414,a,False
2026-07-06T04:42:02Z,dynasty,4258173,14881,a,False
2026-07-06T04:42:03Z,dynasty,4258173,4889929,a,False
2026-07-06T04:42:04Z,dynasty,4258173,3843945,a,False
2026-07-06T04:42:05Z,dynasty,4258173,4597703,a,False
2026-07-06T04:42:06Z,dynasty,4258173,4240657,a,False
2026-07-06T04:42:07Z,dynasty,4258173,4431588,a,False
2026-07-06T04:42:15Z,dynasty,4258173,4890973,b,False
2026-07-06T04:42:17Z,dynasty,4890973,3127586,a,False
2026-07-06T04:42:18Z,dynasty,4890973,3871102,a,False
2026-07-06T04:42:20Z,dynasty,4890973,4430878,b,False
2026-07-06T04:42:22Z,dynasty,4430878,4686472,a,False
2026-07-06T04:42:23Z,dynasty,4430878,4365395,a,False
2026-07-06T04:42:24Z,dynasty,4430878,4361741,a,False
2026-07-06T04:42:25Z,dynasty,4430878,5160110,a,False
2026-07-06T04:42:26Z,dynasty,4430878,15818,a,False
2026-07-06T04:42:27Z,dynasty,4430878,4379401,a,False
2026-07-06T04:42:28Z,dynasty,4430878,4429148,a,False
2026-07-06T04:42:31Z,dynasty,4430878,4361529,a,False
2026-07-06T04:42:32Z,dynasty,4430878,4432577,a,False
2026-07-06T04:42:33Z,dynasty,4430878,4426386,a,False
2026-07-06T04:42:34Z,dynasty,4430878,4365395,a,False
2026-07-06T04:42:35Z,dynasty,4430878,4373626,a,False
2026-07-06T04:42:37Z,dynasty,4430878,4240603,a,False
2026-07-06T04:42:37Z,dynasty,4430878,4032473,a,False
2026-07-06T04:42:38Z,dynasty,4430878,4426844,a,False
2026-07-06T04:42:41Z,dynasty,4430878,4430802,a,False
2026-07-06T04:42:42Z,dynasty,4430878,4383396,a,False
2026-07-06T04:42:42Z,dynasty,4430878,4259305,a,False
2026-07-06T04:42:43Z,dynasty,4430878,4613202,a,False
2026-07-06T04:42:44Z,dynasty,4430878,2573079,a,False
2026-07-06T04:42:45Z,dynasty,4430878,4365395,a,False
2026-07-06T04:42:46Z,dynasty,4430878,4432773,a,False
2026-07-06T04:42:47Z,dynasty,4430878,4429299,a,False
2026-07-06T04:42:48Z,dynasty,4430878,4431268,a,False
2026-07-06T04:42:49Z,dynasty,4430878,4429086,a,False
2026-07-06T04:42:52Z,dynasty,4430878,4429795,skip,False
2026-07-06T04:42:56Z,dynasty,4432731,3930086,b,False
2026-07-06T04:43:00Z,dynasty,3930086,4242557,b,False
2026-07-06T04:43:02Z,dynasty,4242557,3134353,a,False
2026-07-06T04:43:04Z,dynasty,4242557,4241389,b,False
2026-07-06T04:43:05Z,dynasty,4241389,4035020,a,False
2026-07-06T04:43:10Z,dynasty,4241389,4379399,a,False
2026-07-06T04:43:11Z,dynasty,4241389,15795,a,False
2026-07-06T04:43:13Z,dynasty,4241389,4685415,a,False
2026-07-06T04:43:16Z,dynasty,4241389,3126486,a,False
2026-07-06T04:43:18Z,dynasty,4241389,4686728,a,False
2026-07-06T04:43:19Z,dynasty,4241389,16800,a,False
2026-07-06T04:43:20Z,dynasty,4241389,4373626,a,False
2026-07-06T04:43:21Z,dynasty,4241389,16460,a,False
2026-07-06T04:43:22Z,dynasty,4241389,4386544,a,False
2026-07-06T04:43:23Z,dynasty,4241389,3886812,a,False
2026-07-06T04:43:24Z,dynasty,4241389,4567096,a,False
2026-07-06T04:43:26Z,dynasty,4241389,16737,a,False
2026-07-06T04:43:28Z,dynasty,4241389,4360516,a,False
2026-07-06T04:43:30Z,dynasty,4241389,4241983,a,False
2026-07-06T04:43:31Z,dynasty,4241389,4360689,a,False
2026-07-06T04:43:33Z,dynasty,4241389,3871102,a,False
2026-07-06T04:43:34Z,dynasty,4241389,4360569,a,False
2026-07-06T04:43:35Z,dynasty,4241389,3051876,a,False
2026-07-06T04:43:36Z,dynasty,4241389,4429676,a,False
2026-07-06T04:43:38Z,dynasty,4241389,4689114,a,False
2026-07-06T04:43:43Z,dynasty,4241389,4723086,a,False
2026-07-06T04:43:44Z,dynasty,4241389,3916204,a,False
2026-07-06T04:43:45Z,dynasty,4241389,4038815,a,False
2026-07-06T04:43:47Z,dynasty,4241389,16737,a,False
2026-07-06T04:43:48Z,dynasty,4241389,3919510,a,False
